Estimator,Mean Score,Median Score,Std,Min Score,Fit Time
default/LinearRegression,-0.9581892945180401,-0.9551259435872539,0.020832942514837863,-1.002704158619795,0.009451484680175782
default/RandomForestRegressor,-0.6527999999999998,-0.6507499999999997,0.027133190007811826,-0.6980000000000017,15.131552958488465
default/ExtraTreesRegressor,-0.6466999999999997,-0.658999999999998,0.04267036442309907,-0.7099999999999991,5.218614888191223
default/HistGradientBoostingRegressor,-0.6432434252743808,-0.6403665415777149,0.031624428429472086,-0.7023350057037463,1.109798288345337
default/XGBRegressor,-0.6596030616760252,-0.6726747632026673,0.04539035406484487,-0.7256546020507812,0.709552812576294
default/CatBoostRegressor,-0.6595746414250416,-0.6584758554357684,0.029105646434010635,-0.7092817575025769,14.204113602638245
default/LGBMRegressor,-0.634802244927279,-0.6296421407331567,0.030492625186511135,-0.6962835571789032,0.4402796745300293
